Por favor seleccione el curso,Marca temporal,¿Cuál cree que es la principal razón por su bajo desempeño en el primer previo de este curso?,¿Alguna otra razón por la cual tuvo bajo desempeño en el primer previo de este curso?,Año,Mes
Análisis de Circuitos en C.D.,2023-11-16 14:28:01,No me preparé lo suficiente para el examen,Ninguna,2023,11
Análisis de Circuitos en C.D.,2023-11-16 14:28:28,Tengo dificultades por temas familiares,"Al tener algunos problemas personales, no dediqué el tiempo suficiente para estudiar los temas vistos",2023,11
Análisis de Circuitos en C.D.,2023-11-16 14:28:38,Tengo dificultades por temas laborales,"Tiempo para prepararme, por temas laborales y de tiempo se me dificultó a la hora de prepararme para el examen ",2023,11
Análisis de Circuitos en C.D.,2023-11-16 14:28:42,Tengo dificultades por temas laborales,No comprendí tan Bien todos los temas y no tuve el espacio para poder estudiar Bien los temas,2023,11
Análisis de Circuitos en C.D.,2023-11-16 14:30:11,Tengo dificultades por temas laborales,"Tuve una mala nota en el primer parcial debido a que tengo que trabajar 4 horas diarias, trabajo a medio tiempo. Mi tiempo de estudio es acortado, por lo que cada que tengo tiempo estudio en lo posible la materia de análisis, que de hecho es la materia que más horas de estudio le he dedicado, sin embargo no he sido suficiente para lograr aprobar con una nota aceptable ",2023,11
Análisis de Circuitos en C.D.,2023-11-16 14:30:27,No comprendo los temas explicados,Me preparo y estudio los temas del previo pero al momento de presentarlo no encuentro forma de solucionar el punto ,2023,11
Análisis de Circuitos en C.D.,2023-11-16 14:30:49,La temática evaluada es muy amplia,"Considero que se evaluaron muchos temas, son un poco enredados y el tiempo para estudiar fue muy poca, ya que también se tuvo que preparar los demás parciales ",2023,11
Análisis de Circuitos en C.D.,2023-11-16 14:34:18,Tengo dificultades por temas familiares,"Además de ello tengo dificultad con la organización y distribución de mi tiempo para dar solución a los deberes de esta y otras materias que también son importantes, por lo cual no me alcanzó el tiempo para preparar debidamente el examen ",2023,11
Física Electromagnética,2023-11-20 07:14:36,Tengo dificultades por temas familiares,En general falto organización para estudiar.,2023,11
Física Electromagnética,2023-11-20 07:14:48,No me preparé lo suficiente para el examen,No,2023,11
Física Electromagnética,2023-11-20 07:14:59,No me preparé lo suficiente para el examen,No,2023,11
Física Electromagnética,2023-11-20 07:15:10,Las explicaciones del docente no son claras,La profesora no supo explicar bien los temas,2023,11
Física Electromagnética,2023-11-20 07:16:04,No comprendo los temas explicados,"No estudie lo suficiente, y los temas eran extensos ",2023,11
Física Electromagnética,2023-11-20 07:16:56,No me preparé lo suficiente para el examen,La poca disponibilidad de tiempo debido a cuestiones laborales ,2023,11
Física Electromagnética,2023-11-20 07:17:17,No comprendo los temas explicados,Porque me quedaron muy seguidos los exámenes de las otras materias y no me puedo concentrar en una sola materia ,2023,11
Física Electromagnética,2023-11-20 07:18:43,Tengo dificultades por temas laborales,Sobre carga por otras materias,2023,11
Física Electromagnética,2023-11-20 07:18:59,No comprendo los temas explicados,"No comprendo todos los temas explicados, y al evaluarlos no termino de entender como desarrollar o plantear una solución a los temas propuestos habiendo tenido una previa preparación para el mismo ",2023,11
Física Electromagnética,2023-11-20 07:19:25,No me preparé lo suficiente para el examen,No comprendo todos los temas que además la temática evaluada es muy amplia y no me preparé bien por cuestiones laborales que me dejan poco tiempo para estudiar fuera de las horas de clase ,2023,11
Física Electromagnética,2023-11-20 07:19:35,No comprendo los temas explicados,Preparación insuficiente ,2023,11
Física Electromagnética,2023-11-20 07:19:36,La temática evaluada es muy amplia,"El profesor explica bien, lo cierto es que la manera de evaluar el exámen no me parece del todo correcta, use otro tipo de fórmulas para llegar a la respuesta y no me la valió.",2023,11
Física Electromagnética,2023-11-20 07:20:42,No me preparé lo suficiente para el examen,Ninguna,2023,11
Física Electromagnética,2023-11-20 07:21:07,Tengo dificultades por temas laborales,No tuve comprensión de todos los temas ,2023,11
Física Electromagnética,2023-11-20 07:21:19,No me preparé lo suficiente para el examen,Los procedimientos que maneja el profesor dentro del parcial resultan algo engorrosos a los que yo podría realizar en 2 horas,2023,11
Física Electromagnética,2023-11-20 07:36:01,No comprendo los temas explicados,La verdad siento que los temas este semestre se han visto demasiado rápido y no da tiempo de comprender y analizar los temas,2023,11
Electrónica I,2023-11-20 09:10:31,Tengo dificultades por temas laborales,Estudié con un libro cuyos ejercicios no estuvieron al nivel del previo,2023,11
Electrónica I,2023-11-20 09:10:33,Tengo dificultades por temas laborales,"Al tener poco tiempo de estudio, y estudiar hasta tarde, ha tenido un impacto en el desempeño de mis actividades ",2023,11
Electrónica I,2023-11-20 09:11:49,La temática evaluada es muy amplia,"Los temas todos van de la mano pero son muchos y cuando hay que evaluarlos de la magnitud que son se mezclan muchas cosas, siento que tenía claro pero tenía muchos inconvenientes en la definición.
También me falto un poco de esfuerzo y hacer más énfasis en cada tema.  ",2023,11
Electrónica I,2023-11-20 09:12:16,No me preparé lo suficiente para el examen,Nervios ,2023,11
Electrónica I,2023-11-20 09:13:38,Las explicaciones del docente no son claras,"La temática para el primer previo es bastante amplia lo cual requiere de comprender muy bien los temas, por lo cual es importante que la información sea clara y precisa, otro punto es que el tiempo siempre es corto debido al calendario académico, así qué hay muchos factores que afectan a esta problemática.",2023,11
Electrónica I,2023-11-20 09:14:58,No me preparé lo suficiente para el examen,"El proceso de los ejercicios no tienen valor en la calificación,  solo la respuesta final, puede que uno haya cometido un error muy simple, pero se aplicaron bien los conceptos pero de nada vale sino aportan a la calificion, no tiene que valer mucho pero creo que si debería sumar algo a la nota. ",2023,11
Electrónica I,2023-11-20 09:15:33,Tengo dificultades por temas laborales,"No poder asistir a las asesorías por la cuestión laboral o que se me cruzaba con el horario de otras materias
En la explicación de ejercicios dar un tiempo para poder alcanzar a copiar algunos apuntes.
El método de calificación",2023,11
Electrónica I,2023-11-20 09:16:47,No me preparé lo suficiente para el examen,"Mal gestión de tiempo al momento de estudiar. 
Método de calificación, no justificar de manera adecuada la respuesta y ser calificada mal.",2023,11
Electrónica I,2023-11-20 09:17:16,Las explicaciones del docente no son claras,"La docente se exalta al momento de intentar preguntar acerca del tema visto, tanto así que se llega al punto de no querer preguntarle solo por no ser humillado. 

Al ser una materia que abarca muchos temas, siento que se explica un tema solo 1 vez, teniendo que captarse en ese mismo instante lo cual puede dificultarse para algunos estudiantes.

No se pasan las diapositivas de los temas explicados en clase las cuales yo siento que son de gran ayuda ya que si no repite o no le da la suficiente atención a un tema determinado que el estudiante no pueda entender , en las diapositivas se puede por lo menos repasar resumidamente la clase. 

Puesto que no pasa diapositivas, toca buscar en libros donde la información es bastante amplia, o se usan formulas y condiciones diferentes a las expuestas en clase. Por lo que pienso yo que en las diapositivas se consigue una información más puntual respecto a los temas. ",2023,11
Cálculo Vectorial,2023-11-20 10:10:21,Las explicaciones del docente no son claras,"No estudié lo suficiente, tampoco me quedó tiempo debido a mi trabajo y además el docente es muy difícil de entender ",2023,11
Cálculo Vectorial,2023-11-20 10:10:25,Las explicaciones del docente no son claras,"Otra razón fue que tuve problemas personales, perdiendo tiempo esencial para poder estudiar bien ",2023,11
Cálculo Vectorial,2023-11-20 10:10:33,Las explicaciones del docente no son claras,Ninguna,2023,11
Cálculo Vectorial,2023-11-20 10:11:07,No me preparé lo suficiente para el examen,Ninguna ,2023,11
Teoría de Señales y Sistemas,2023-11-21 15:12:32,No me preparé lo suficiente para el examen,"Me centre en algunos temas especificos por lo que venia diciendo en las formulas, por lo cual había otro que no tome en cuenta por lo dicho anteriormente, el cual fue que mas salio ",2023,11
Teoría de Señales y Sistemas,2023-11-21 15:12:34,No me preparé lo suficiente para el examen,Tuve problemas económicos y por cuestiones laborales no pude prepararme lo suficiente ,2023,11
Teoría de Señales y Sistemas,2023-11-21 15:14:16,No me preparé lo suficiente para el examen,Algunos temas no se profundizaron de manera adecuada,2023,11
Ecuaciones Diferenciales,2023-11-22 10:17:53,El examen es muy largo para el tiempo asignado,El tiempo para el previo ,2023,11
Ecuaciones Diferenciales,2023-11-22 10:17:55,La temática evaluada es muy amplia,No me prepare lo suficiente ,2023,11
Ecuaciones Diferenciales,2023-11-22 10:18:32,La temática evaluada es muy amplia,"Primero que todo por qué hubo bastantes temas en el primer parcial y pues no me prepare lo suficiente debido a lo laboral, la profesora es muy buena explicando y todo, pero hubieron bastantes temas y por ese motivo fue que me fue mal.",2023,11
Ecuaciones Diferenciales,2023-11-22 10:19:17,La temática evaluada es muy amplia,Pienso que en este primer previo fueron muchos temas para el corto tiempo que tuvimos para poder estudiar y resolverlo,2023,11
Ecuaciones Diferenciales,2023-11-22 10:20:12,El examen es muy largo para el tiempo asignado,Muchos temas en muy poco tiempo,2023,11
Ecuaciones Diferenciales,2023-11-22 10:21:01,La temática evaluada es muy amplia,El examen es muy largo para el tiempo asignado,2023,11
Ecuaciones Diferenciales,2023-11-22 10:21:55,La temática evaluada es muy amplia,Eran demasiados temas ,2023,11
Ondas y Partículas,2023-11-22 16:11:11,No me preparé lo suficiente para el examen,"Complicaciones de salud, poco tiempo por trabajos ajenos de la universidad. ",2023,11
Ondas y Partículas,2023-11-22 16:11:25,No me preparé lo suficiente para el examen,No realizamos ejercicios durante las clases,2023,11
Ondas y Partículas,2023-11-22 16:11:27,No comprendo los temas explicados,"No me prepare lo suficiente para el examen, los temas evaluados y la dificultad del examen no son acordes con lo explicado en clase",2023,11
Ondas y Partículas,2023-11-22 16:11:32,Los temas evaluados y la dificultad del examen no son acordes con lo explicado en clase,La dificultad del previo fue muy elevada a comparación de los ejercicios trabajados en clase.,2023,11
Ondas y Partículas,2023-11-22 16:13:20,La temática evaluada es muy amplia,"Las demostraciones creo que son complicadas a la hora de realizarlas, si el tema no esta bien dominado es imposible.",2023,11
Ondas y Partículas,2023-11-22 16:13:44,No me preparé lo suficiente para el examen,También los ejercicios evaluados en el previo tenían una dificultad mayor a los vistos en clase ,2023,11
Ondas y Partículas,2023-11-22 16:14:32,La temática evaluada es muy amplia,"Los temas son extensos por lo que complica el aprendizaje de la materia, ya que no se puede profundizar en la información.",2023,11
Ondas y Partículas,2023-11-22 16:14:34,La temática evaluada es muy amplia,A veces No comprendo los temas explicados,2023,11
Ondas y Partículas,2023-11-22 16:14:59,Los temas evaluados y la dificultad del examen no son acordes con lo explicado en clase,No tuve el tiempo necesario para prepararme.,2023,11
Ondas y Partículas,2023-11-22 16:15:01,La temática evaluada es muy amplia,"Dado la cantidad y dificultad de los temas trabajados, las explicaciones suelen ser poco profundas en cada tema tratado.",2023,11
Ondas y Partículas,2023-11-22 16:15:35,La temática evaluada es muy amplia,"En el caso del 4to semestre hay materias que conllevan mucho tiempo aprender bien a desarrollarlas, debido a eso los temas se vuelven muy largo a pesar de tomar el corte desde un inicio, y también que tenemos dos exámenes de materias de línea como es el caso de ondas y variable y eso conlleva mucho peso",2023,11
Ondas y Partículas,2023-11-22 16:17:23,Los temas evaluados y la dificultad del examen no son acordes con lo explicado en clase,"Ninguna otra, siento que lo evaluado supera mucho en dificultad a lo explicado.",2023,11
Ondas y Partículas,2023-11-22 16:17:27,No comprendo los temas explicados,Las explicaciones del docente no son claras,2023,11
Electrónica III,2024-05-07 07:20:26,No me preparé lo suficiente para el examen,No estudie lo requerido ,2024,5
Electrónica III,2024-05-07 07:20:29,No me preparé lo suficiente para el examen,Falta de talleres o que el docente de ejercicios para reforzar el tema,2024,5
Electrónica III,2024-05-07 07:20:54,No me preparé lo suficiente para el examen,"Falta de conceptos importantes de los temas, y demasiada saturación de ejercicios básicos.",2024,5
Electrónica III,2024-05-07 07:21:57,No me preparé lo suficiente para el examen,Se me dificulto un tema ,2024,5
Electrónica III,2024-05-07 07:21:59,Tengo dificultades por temas laborales,.,2024,5
Electrónica III,2024-05-07 07:22:02,No me preparé lo suficiente para el examen,No dormí bien la noche antes y llegué algo nervioso al parcial ,2024,5
Electrónica III,2024-05-07 07:22:06,El examen es muy largo para el tiempo asignado,NR,2024,5
Electrónica III,2024-05-07 07:22:53,No me preparé lo suficiente para el examen,Lo estudiado no fue suficiente y un tema explicado por el docente no lo profundice y por ende obtuve los resultados que obtuve ,2024,5
Electrónica III,2024-05-07 07:23:33,El examen es muy largo para el tiempo asignado,Falencias personales en conceptos básicos de electrónica ,2024,5
Electrónica III,2024-05-07 07:24:19,No me preparé lo suficiente para el examen,"Por confiado, creí saber lo suficiente y me di cuenta que estaba equivocado.",2024,5
Electrónica III,2024-05-07 07:27:51,No me preparé lo suficiente para el examen,"Cuando desarrollo el examen cometo errores ,los cuales cambio sin corregirlos en el examen ,solo los dejo en la calculadora generando desorden de resultados ",2024,5
Electrónica III,2024-05-07 07:28:14,El examen es muy largo para el tiempo asignado,Al equivocarme en ciertas cuestiones como error de calculadora.,2024,5
Control Digital,2024-05-07 10:11:15,Los temas evaluados y la dificultad del examen no son acordes con lo explicado en clase,La dificultad de un punto en el previo y su puntaje no era acorde a la dificultad y el tema explicado en clase.,2024,5
Control Digital,2024-05-07 10:11:17,Tengo dificultades por temas laborales,Falta de organización en mi tiempo para estudiar. ,2024,5
Control Digital,2024-05-07 10:12:05,Los temas evaluados y la dificultad del examen no son acordes con lo explicado en clase,"Los temas que el docente evalúa son muy poco claros, la metodología y pedagogía del docente se encuentra mal orientada y no se realiza un entendimiento claro de lo que se explica",2024,5
Control Digital,2024-05-07 10:12:22,Los temas evaluados y la dificultad del examen no son acordes con lo explicado en clase,No me prepare lo suficiente ,2024,5
Control Digital,2024-05-07 10:12:22,Las explicaciones del docente no son claras,Falta de tema en la malla curricular ,2024,5
Control Digital,2024-05-07 10:13:10,No comprendo los temas explicados,Falta de profundidad en los temas ,2024,5
Control Digital,2024-05-07 10:13:14,Los temas evaluados y la dificultad del examen no son acordes con lo explicado en clase,No me prepare lo suficiente ,2024,5
Control Digital,2024-05-07 10:13:29,Las explicaciones del docente no son claras,"Me gustaría que las de arriba, fueran selección múltiple ya que varias aplican, siento que no entendí muy bien el tema y revisando un poco el libro no se encontraron muchos ejercicios para realizar. También no sentimos como mucha confianza para preguntarle al profe o al menos yo le tengo un poco de temor entonces no le consulto cosas al docente. La temática evaluará también siento que es muy amplia y pues el control siento que es bastante complejo y es algo que debe ser muy bien explicado ",2024,5
Control Digital,2024-05-07 10:13:49,Los temas evaluados y la dificultad del examen no son acordes con lo explicado en clase,Falta de motivación por parte del docente,2024,5
Control Digital,2024-05-07 10:14:35,Los temas evaluados y la dificultad del examen no son acordes con lo explicado en clase,Se presenta un acceso limitado a documentación suficiente para la solución del primer parcial,2024,5
Control Digital,2024-05-07 10:14:37,No me preparé lo suficiente para el examen,"Falta de preparación y aprendizaje autonomo con los temas aprendidos, como mejora para evitar el bajo desempeño, dar más explicaciones de ejemplos sobre los temas, ya que el estudiante mejora su desempeño con la practica de ejercicios en clase ",2024,5
Control Digital,2024-05-07 10:15:11,Tengo dificultades por temas familiares,"Falta explicar más ejercicios por parte del docente, pero también me faltó estudiar un poco más. ",2024,5
Control Digital,2024-05-07 10:15:24,Las explicaciones del docente no son claras,"Hay varias falencias respecto a temas vistos en materias anteriores que eran las bases principales de la carrera no fueron bien explicadas y al llegar a materias más avanzadas donde son muy necesarios, se tienen dificultad para entender los temas y poder avanzar debido a esas falencias de bases.",2024,5
Control Digital,2024-05-07 10:15:49,No comprendo los temas explicados,"Los ejercicios explicados  en clase  comparados con los que salen en el examen  son  muy diferentes  seria bueno, se avalue algo semejante con lo que vemos en clase ",2024,5
Control Digital,2024-05-07 10:16:11,No comprendo los temas explicados,"No le dediqué el tiempo requerido a la materia y no revise el libro, falta profundidad en la explicación de los temas y que sean más ejercicios para uno poder guiarse en los parciales.",2024,5
Control Digital,2024-05-07 10:18:05,Las explicaciones del docente no son claras,"Comentarios despectivos hacia estudiantes, comentarios hacia estudiantes “las eminencias no tienen idea de la malla curricular”. No asiste a asesorías; no existe acompañamiento en los temas de modelamiento de sistemas térmicos y neumáticos. No comparte el material, no sabemos si no tiene tiempo o disposición de impartir los conocimientos a los estudiantes. Comentarios “ no sabe dónde está parado”. ",2024,5
Control Digital,2024-05-07 10:18:28,Los temas evaluados y la dificultad del examen no son acordes con lo explicado en clase,Más comprensión sobre el tema evaluado ,2024,5
Control Digital,2024-05-07 10:18:59,No comprendo los temas explicados,"La información suficiente no es compartida por parte del docente, diapositivas.",2024,5
Control Digital,2024-05-07 10:19:02,Los temas evaluados y la dificultad del examen no son acordes con lo explicado en clase,"El docente no presta interés en explicar a detalle los sistemas dinámicos que va a evaluar, la temática de clase al respecto, es totalmente diferente a la evaluada. Se recomienda explicar a profundidad el sistema que se abordará durante los previos, además de proveer material de estudio para el mismo. (A pesar de que el sistema del primer previo, era relativamente sencillo en tanto a su desarrollo, al no contar con las ecuaciones cómo mínimo, ni práctica al respecto, el previo se vio afectado en general)

Se recomienda distribuir de manera equitativa la nota respecto a los ejercicios por resolver, en este caso había un punto que valía el 80% frente a uno que valía el 20%. La incertidumbre del primero, reflejó los resultados mencionados anteriormente.",2024,5
Control Digital,2024-05-07 10:19:26,Los temas evaluados y la dificultad del examen no son acordes con lo explicado en clase,"La verdad, sentí que el primer previo fue algo fuera de la órbita que se estaba trabajando con la materia. El profesor no va a las asesorías, siempre que uno va, no está en el departamento o cuando llega no está en la disposición de atender a las dudas presentes de los estudiantes. El profesor hace comentarios fuera de lugar en medio del previo y en las clases hacia la malla curricular por no tener la materia llamada ""sistemas dinámicos"" que hacen que uno pierda la concentración en el momento de la evaluación. La repartición del puntaje de los ejercicios es desproporcionada. El trato borde hacia los estudiantes de la materia hace que el estudiante pierda atención ",2024,5
Control Digital,2024-05-07 10:19:33,Los temas evaluados y la dificultad del examen no son acordes con lo explicado en clase,"Lo que sucede en la carrera no hay una asignatura de modelamiento dinámicos que si hay en contra correras similares a electrónica, entonces hay un vacío en el pensum donde no existen bases de modelamiento dinámicos y eso es evaluado en control.",2024,5
Control Digital,2024-05-07 10:19:37,Los temas evaluados y la dificultad del examen no son acordes con lo explicado en clase,"Los ejercicio evaluado no corresponden  a lo visto en clase, ya que era un tema que no se explicó.",2024,5
Control Digital,2024-05-07 10:21:55,No comprendo los temas explicados,"La primera temática de la materia no fue explicada de forma correcta en mi opinión, se perdió mucho tiempo a principios de semestre y los temas no han sido retroalimentados hasta el momento como el de sistemas dinámicos, no tengo suficientes conocimientos al respecto y solo se explicó por encima en la clase anterior al previo, y justamente el punto con más valor (3.8) se trataba de ese tema. Después de recibir el previo intenté ir a asesorías y el profesor además de llegar 30 minutos tarde, nos negó la atención a varios estudiantes que lo estábamos esperando. También se buscó la forma de que el profesor nos explicara a fondo el tema de sistemas dinámicos, pero se negó rotundamente tanto a explicar el tema como a buscar una forma de habilitar el primer previo a pesar de las notas tan bajas del curso en general. Dn mi opinión estaría bien que al menos explique a fondo el tema y de bibliografías suficientes para estudiar el tema a nivel que exige en los previos.",2024,5
Teoría Electromagnética,2024-05-07 14:30:48,No me preparé lo suficiente para el examen,Falta de compromiso del estudiante y que el profesor sea más dinámico al explicar un tema,2024,5
Teoría Electromagnética,2024-05-07 14:31:09,No me preparé lo suficiente para el examen,El manejo de una amplia variedad de fórmulas y de cálculos muy precisos generan un poco de confusión a la hora de desarrollar el previo. ,2024,5
Teoría Electromagnética,2024-05-07 14:31:48,No me preparé lo suficiente para el examen,Falencia en temas de anteriores semestres ,2024,5
Teoría Electromagnética,2024-05-07 14:32:17,No comprendo los temas explicados,Se me dificulta entender bien los temas vistos en esta materia porque siento que no tengo buenas bases del conocimiento que requiere está materia.,2024,5
Instrumentación Electrónica,2024-05-07 15:53:06,No me preparé lo suficiente para el examen,Poco compromiso de parte mía además no tuve el tiempo indicado para preparar el previo ,2024,5
Instrumentación Electrónica,2024-05-07 15:53:45,No me preparé lo suficiente para el examen,Faltó preparación con el taller de preparación para el segundo previo ,2024,5
Instrumentación Electrónica,2024-05-07 15:54:03,La temática evaluada es muy amplia,Son muchos temas,2024,5
Instrumentación Electrónica,2024-05-07 15:54:08,Tengo dificultades por temas familiares,"Dure un año sin estudiar, y durante el transcurso del primer corte, me dedique a repasar lo visto en semestres anteriores, y en ello, no pude estudiar mucho la materia ",2024,5
Instrumentación Electrónica,2024-05-07 15:54:24,No me preparé lo suficiente para el examen,Mala preparación ,2024,5
Instrumentación Electrónica,2024-05-07 15:54:40,No me preparé lo suficiente para el examen,"Son varios temas a tratar entonces se siente como si fuera una ruleta de la suerte a ver si al tema que más se estudió, es el que va a salir",2024,5
Instrumentación Electrónica,2024-05-07 15:54:43,No comprendo los temas explicados,"Me faltó prepararme lo suficiente para el examen debido a que es una materia donde se tiene muchos temas, es una materia algo complicada de entender ",2024,5
Instrumentación Electrónica,2024-05-07 15:55:25,Tengo dificultades por temas laborales,Más preparación ,2024,5
Instrumentación Electrónica,2024-05-07 15:55:36,No me preparé lo suficiente para el examen,No le dedique el tiempo adecuado para estudiar ,2024,5
Instrumentación Electrónica,2024-05-07 15:56:18,No comprendo los temas explicados,"La tematica abordada ,es abstracta lo cual en cierta forma dificulta el estudio de forma independiente ",2024,5
Instrumentación Electrónica,2024-05-07 15:57:31,No me preparé lo suficiente para el examen,La temática es extensa y no me preparé lo suficiente para el parcial,2024,5
Análisis de Circuitos en CD  (Julian Tarazona),2024-05-08 14:12:16,Tengo dificultades por temas familiares,Muchos problemas y problemas laborales ,2024,5
Análisis de Circuitos en CD  (Julian Tarazona),2024-05-08 14:13:08,No me preparé lo suficiente para el examen,Tenía diferentes problemas y pues se acumuló todo ,2024,5
Análisis de Circuitos en CD  (Julian Tarazona),2024-05-08 14:14:42,No me preparé lo suficiente para el examen,Me confundo a la hora de reemplazar y aplicar las ecuaciones ,2024,5
Análisis de Circuitos en CD  (Julian Tarazona),2024-05-08 14:14:50,No me preparé lo suficiente para el examen,Por el trabajo aveces no alcanzo a repasar bien pero trato de hacerlo ,2024,5
Análisis de Circuitos en CD  (Julian Tarazona),2024-05-08 14:15:41,Tengo dificultades por temas laborales,"Por mi trabajo tuve poco tiempo para estudiar, ya que los ejercicios requieren de mucha práctica ",2024,5
Análisis de Circuitos en CD  (Julian Tarazona),2024-05-08 14:15:46,No me preparé lo suficiente para el examen,Por tener otras responsabilidades no pude preparar suficiente el previo,2024,5
Análisis de Circuitos en CD  (Julian Tarazona),2024-05-08 14:16:36,Tengo dificultades por temas laborales,Trabajo y estudio. me queda muy complejo el tema del horario ya que son temas muy complicados y no me queda casi tiempo para poder edtudiar. Pero no quiero salirme de la carrera así q la sigo luchando,2024,5
Ecuaciones Diferenciales,2024-05-08 14:22:49,Tengo dificultades por temas familiares,"Muchos cambios en mi vida, aunque no tienen que ver con mi familia si no contigo, cambios emocionalmente ",2024,5
Ecuaciones Diferenciales,2024-05-08 14:23:19,No me preparé lo suficiente para el examen,No estudie bien para el previo ,2024,5
Ecuaciones Diferenciales,2024-05-08 14:23:24,Tengo dificultades por temas familiares,No metí el tiempo completo en esta materia pues murió mi papá el 24 de diciembre de el año pasado y se me ha dificultado este semestre ,2024,5
Ecuaciones Diferenciales,2024-05-08 14:23:54,No me preparé lo suficiente para el examen,No estoy muy bien familiarizado con los temas. Mas que todo de álgebra en los casos de factorización.,2024,5
Ecuaciones Diferenciales,2024-05-08 14:25:06,No me preparé lo suficiente para el examen,Estoy cursando otras asignaturas de alta complejidad ,2024,5
Ecuaciones Diferenciales,2024-05-08 14:25:10,No me preparé lo suficiente para el examen,No preparar bien el examen ,2024,5
Ecuaciones Diferenciales,2024-05-08 14:25:36,No comprendo los temas explicados,"Los Temas explicados realmente no los entiendo, no tengo bien las bases, prepare bastante el estudio aunque no entendía, mejore las bases, pero no pude sacar un buena nota.",2024,5
Ecuaciones Diferenciales,2024-05-08 14:25:40,Los temas evaluados y la dificultad del examen no son acordes con lo explicado en clase,Las explicaciones no son muy buenas o no se da a entender bien con lo que quiere enseñarnos,2024,5
Ecuaciones Diferenciales,2024-05-08 14:25:41,No me preparé lo suficiente para el examen,"tengo problemas con la realización de parciales, es un tema personal más que todo",2024,5
Ecuaciones Diferenciales,2024-05-08 14:25:50,No me preparé lo suficiente para el examen,Deme complica entender los temas,2024,5
Ecuaciones Diferenciales,2024-05-08 14:25:57,No me preparé lo suficiente para el examen,Solo que no dedique el tiempo suficiente con el trabajo y el estudio para prepararme,2024,5
Ecuaciones Diferenciales,2024-05-08 14:26:17,Tengo dificultades por temas laborales,"Mi situación familiar paso por un momento un poco complicado, lo cual afectó lo económico esto provocado por bajo rendimiento en el semestre anterior, mis bases matemáticas son un poco deficientes pues mi colegio no me brindo buena formación en eso y adquirirla me ha resultado complicado.  No solo debo cumplir con esta materia también con otras.
",2024,5
Ecuaciones Diferenciales,2024-05-08 14:26:26,No me preparé lo suficiente para el examen,No le dedique el tiempo suficiente a repasar los temas más a detalle,2024,5
Ecuaciones Diferenciales,2024-05-08 14:30:07,No comprendo los temas explicados,tiempo,2024,5
Análisis de Circuitos en CA,2024-05-08 14:39:04,Tengo dificultades por temas laborales,Falta de practica con ejercicios ,2024,5
Análisis de Circuitos en CA,2024-05-08 14:40:30,No me preparé lo suficiente para el examen,"El parcial constaba de herramientas como Orcad y Matlab, lamentablemente no cuento con pc propio para estudiar en casa y en el momento del parcial me complicó la programación en matlab",2024,5
Análisis de Circuitos en CD (John Arias),2024-05-09 15:21:06,No comprendo los temas explicados,No estudiar lo suficiente,2024,5
Análisis de Circuitos en CD (John Arias),2024-05-09 15:21:15,Los temas evaluados y la dificultad del examen no son acordes con lo explicado en clase,No,2024,5
Análisis de Circuitos en CD (John Arias),2024-05-09 15:21:19,Los temas evaluados y la dificultad del examen no son acordes con lo explicado en clase,Las explicaciones del docente no fueron lo suficientemente claras como para los ejercicios que fueron evaluados en el examen,2024,5
Análisis de Circuitos en CD (John Arias),2024-05-09 15:21:25,Tengo dificultades por temas laborales,No me prepare lo suficiente,2024,5
Análisis de Circuitos en CD (John Arias),2024-05-09 15:21:32,Tengo dificultades por temas laborales,No aplica.,2024,5
Análisis de Circuitos en CD (John Arias),2024-05-09 15:21:43,Las explicaciones del docente no son claras,No me preparé lo suficiente ,2024,5
Análisis de Circuitos en CD (John Arias),2024-05-09 15:21:53,No me preparé lo suficiente para el examen,Desmotivacion respecto a la carrera,2024,5
Análisis de Circuitos en CD (John Arias),2024-05-09 15:22:40,No me preparé lo suficiente para el examen,Ninguna,2024,5
Análisis de Circuitos en CD (John Arias),2024-05-09 15:22:49,Tengo dificultades por temas laborales,"La verdad no fue muy entendible en la clase y pues el mayor problema yo creo que fue es la parte laborar, porque no tuve suficiente tiempo para investigar y pues los único tiempo que tuve fue en las clases y no entendí mucho.",2024,5
Análisis de Circuitos en CD (John Arias),2024-05-09 15:23:16,Tengo dificultades por temas laborales,Poco tiempo para estudiar ,2024,5
Análisis de Circuitos en CD (John Arias),2024-05-09 15:23:39,No me preparé lo suficiente para el examen,Falto preparación y en algunas materias no se entendió el tema (ej variable compleja),2024,5
Análisis de Circuitos en CD (John Arias),2024-05-09 15:24:10,Los temas evaluados y la dificultad del examen no son acordes con lo explicado en clase,"Además, fué un poco amplio el previo para lo poco que he aprendido acerca de circuitos ",2024,5
Análisis de Circuitos en CD (John Arias),2024-05-09 15:24:47,Los temas evaluados y la dificultad del examen no son acordes con lo explicado en clase,"Aunque la dificultad del examen no es realmente tan dura, lo que pasa es que los ejercicios vistos en clase son por decirlo suaves, no como los que salió en el previó, lo que hace que el pensamiento analítico a la hora del examen fuera poco para desarrollar el examen",2024,5
Análisis de Circuitos en CD (John Arias),2024-05-09 15:24:52,Las explicaciones del docente no son claras,La metodología del profesor  ,2024,5
Análisis de Circuitos en CD (John Arias),2024-05-09 15:27:11,No comprendo los temas explicados,Se me dificulta un poco la materia ,2024,5
Medios de Transmisión,2024-05-09 16:59:35,Tengo dificultades por temas laborales,Poco estudio en casa,2024,5
Medios de Transmisión,2024-05-09 16:59:45,No me preparé lo suficiente para el examen,Temas de tiempo ,2024,5
Medios de Transmisión,2024-05-09 17:00:05,No me preparé lo suficiente para el examen,No me prepare lo suficiente ,2024,5
Medios de Transmisión,2024-05-09 17:00:07,No comprendo los temas explicados,No me concentré lo suficiente en las clases pero aún así son temas bastante complejos ,2024,5
Medios de Transmisión,2024-05-09 17:00:14,Tengo dificultades por temas laborales,No me preparé lo suficiente para el exámen ,2024,5
Medios de Transmisión,2024-05-09 17:00:15,No me preparé lo suficiente para el examen,Estudie pero creo que por los nervios presento un bloqueo mental ,2024,5
Medios de Transmisión,2024-05-09 17:00:32,No me preparé lo suficiente para el examen,Tener un poco más de concentración ,2024,5
Medios de Transmisión,2024-05-09 17:00:56,No me preparé lo suficiente para el examen,No tener el tiempo disponible para poder ir a las asesorías y falta de tiempo para poder repasar en casa ,2024,5
Medios de Transmisión,2024-05-09 17:01:18,No me preparé lo suficiente para el examen,Falta comprender temas básicos que son elementales para el curso,2024,5
Medios de Transmisión,2024-05-09 17:01:18,No comprendo los temas explicados,"Dos previos importantes de juntaron y fue difícil repartir los tiempos de estudiar para cada uno, también se me hizo complicado entender algunas preguntas del previo",2024,5
Medios de Transmisión,2024-05-09 17:01:29,Tengo dificultades por temas familiares,"Los tiempos en los que tenía los parciales se me juntaron (Tenía Electro I y Medios de Transmisión) y pues era un poco difícil dedicarle tiempo a alguno, y pues, decidí irme por el que más tendría importancia al pensum (Electro I)",2024,5
Medios de Transmisión,2024-05-09 17:03:44,Tengo dificultades por temas laborales,"En mi caso, siento que tengo las capacidades para prepararme lo suficiente, sin embargo siento que no cuento con suficiente tiempo para prepararme como quisiera, traté de prepararme y ser competente en la materia, y considero que el par de errores que tuve durante el examen, fueron claves para la baja nota, siento que tengo los conocimientos, pero mis responsabilidades externas me exigen bastante de igual forma ",2024,5
Diseño Digital,2024-05-10 08:49:05,No me preparé lo suficiente para el examen,No me preparé lo suficiente,2024,5
Diseño Digital,2024-05-10 08:49:29,No me preparé lo suficiente para el examen,El previo es mas dificil de lo explicado,2024,5
Diseño Digital,2024-05-10 08:54:32,Tengo dificultades por temas laborales,Me prepare para otras materias y no le dedique tiempo ,2024,5
Diseño Digital,2024-05-10 08:56:00,Tengo dificultades por temas laborales,No aplica ,2024,5
Física Electromagnética,2024-05-10 09:28:30,No me preparé lo suficiente para el examen,No entendí muy bien el tema y al estar ocupado con el trabajo y demás cosas personales no preparé muy bien los parciales ,2024,5
Física Electromagnética,2024-05-10 09:28:58,No me preparé lo suficiente para el examen,ninguna ,2024,5
Física Electromagnética,2024-05-10 09:29:00,No me preparé lo suficiente para el examen,Ninguna,2024,5
Física Electromagnética,2024-05-10 09:29:24,No me preparé lo suficiente para el examen,También algunos problemas personales...,2024,5
Física Electromagnética,2024-05-10 09:29:24,Tengo dificultades por temas laborales,Tuve problema de compresión con lo temas explicados en clase y poco tiempo por temas laborales ,2024,5
Física Electromagnética,2024-05-10 09:29:46,No comprendo los temas explicados,No conté con el tiempo para estudiar por temas laborales y familiares ,2024,5
Física Electromagnética,2024-05-10 09:29:47,No comprendo los temas explicados,La profe explica muy bien y es excelente pero a veces no comprendemos lo que realmente quiere,2024,5
Física Electromagnética,2024-05-10 09:30:19,Tengo dificultades por temas laborales,No entendí muy bien los temas asignados ,2024,5
Física Electromagnética,2024-05-10 09:30:54,No me preparé lo suficiente para el examen,Falta de compromiso y priorización ,2024,5
Física Electromagnética,2024-05-10 09:30:56,No comprendo los temas explicados,"No logré comprender muy bien el tema, aunque traté de buscar videos o cosas externas se me dificultó ",2024,5
Física Electromagnética,2024-05-10 09:31:06,No comprendo los temas explicados,No me tomé el tiempo suficiente para prepararme para el primer previo ,2024,5
Física Electromagnética,2024-05-10 09:31:46,Tengo dificultades por temas familiares,Por mi falta de tiempo y por la poca comprensión en el tema,2024,5
Física Electromagnética,2024-05-10 09:32:08,La temática evaluada es muy amplia,Tematica compleja.Falta de preparación ,2024,5
Física Electromagnética,2024-05-10 09:32:12,No comprendo los temas explicados,"El tema es muy extenso, a veces la profe me enreda y no logró comprender lo que quiere",2024,5
Física Electromagnética,2024-05-10 09:32:20,Tengo dificultades por temas laborales,Falta de tiempo debido a que tengo necesidad económica y me veo en la obligación de trabajar para subsistir por lo que no me queda casi tiempo para estudiar y pues aparte de eso el estrés de la universidad etc etc etc ,2024,5
Física Electromagnética,2024-05-10 09:32:34,No comprendo los temas explicados,Es una temática muy amplia por lo cual se complica comprender todo al maximo,2024,5
Física Electromagnética,2024-05-10 09:33:20,Las explicaciones del docente no son claras,"La docente no se hace explicar muy bien, y no aclara muy bien las preguntas que uno le hace",2024,5
Física Electromagnética,2024-05-10 09:33:45,No me preparé lo suficiente para el examen,"En general diría que fue a nivel personal mi bajo rendimiento debido a que suelo quedarme estancado (ocasionalmente) en cierto puntos que conozco pero olvidó ciertos detalles o por darles demasiadas vueltas a ciertos puntos en particular, además de a veces entrar a la evaluación con cierta falta de preparación ",2024,5
Física Electromagnética,2024-05-10 09:34:05,La temática evaluada es muy amplia,La Principal razon que creo yo es debido a que los temas vistos son muy abstractos por lo cual hay que tener muchas cosas en cuenta lo cual aumenta la dificultad de la materia pero despues de eso se entiende lo demas,2024,5
Física Electromagnética,2024-05-10 09:34:32,No comprendo los temas explicados,Administrar mal mi tiempo con el estudio y el trabajo ,2024,5
Electrónica I,2024-05-10 10:21:20,No me preparé lo suficiente para el examen,Problemas de tiempo,2024,5
Electrónica I,2024-05-10 10:22:24,No me preparé lo suficiente para el examen,Confundí ciertos temas ,2024,5
Electrónica I,2024-05-10 10:22:33,No me preparé lo suficiente para el examen,"Por los Quizes que se desarrollan en el transcurso de las clases, en vez de ayudar están es limitando la nota del previo",2024,5
Electrónica I,2024-05-10 10:22:37,No me preparé lo suficiente para el examen,No me prepare lo suficiente ,2024,5
Electrónica I,2024-05-10 10:22:41,Los temas evaluados y la dificultad del examen no son acordes con lo explicado en clase,El mismo,2024,5
Electrónica I,2024-05-10 10:23:24,No me preparé lo suficiente para el examen,No medi el tiempo y no alcance a responder la mayoría de los puntos del previo ,2024,5
Electrónica I,2024-05-10 10:23:27,No comprendo los temas explicados,Tema laboral y temas muy extensos,2024,5
Electrónica I,2024-05-10 10:23:39,Los temas evaluados y la dificultad del examen no son acordes con lo explicado en clase,"El docente no explica con claridad y es muy exigente con las calificaciones 
Sería bueno buscar alternativas para ayuda al estudiante ",2024,5
Electrónica I,2024-05-10 10:23:41,Los temas evaluados y la dificultad del examen no son acordes con lo explicado en clase,falta de profundización en los temas en clase,2024,5
Electrónica I,2024-05-10 10:23:42,Tengo dificultades por temas laborales,Dificultades externas a la universidad que me afectaron respecto al tiempo y sentimientos. ,2024,5
Electrónica I,2024-05-10 10:23:46,No me preparé lo suficiente para el examen,"No estudié lo suficiente, y lo que estudie fue explicado por otro compañero, me explicó muy bien el proceso matemático ,pero las gráficas no y ahí fallé.",2024,5
Electrónica I,2024-05-10 10:24:10,No comprendo los temas explicados,No me prepare lo suficiente ,2024,5
Electrónica I,2024-05-10 10:24:49,Los temas evaluados y la dificultad del examen no son acordes con lo explicado en clase,No hay claridad entre la explicación de los temas y las evaluaciones implementadas debido a que los temas son explicados una única vez y no hay retroalimentación y reforzamiento del conocimiento por parte de la docente.. ,2024,5
Electrónica I,2024-05-10 10:25:38,No me preparé lo suficiente para el examen,"Normalmente los profesores deducen que no tenemos más materias y pues la carga de materias es bastante amplia y prepararse para todo es bastante complicado, toca estudiar más y prepararnos más, espero este segundo previo mejorar ",2024,5
Electrónica I,2024-05-10 10:26:13,No me preparé lo suficiente para el examen,"Simplemente la pregunta que más valor tenía, no analicé bien lo que significó que perdiera gran parte de la nota. El no sacar una nota más alta lo adjudico a una mala interpretación de mi parte de los dos primeros ejercicios. ",2024,5
Electrónica I,2024-05-10 10:26:27,No me preparé lo suficiente para el examen,"Principalmente bajo estado de ánimo durante la semana de parciales, respecto a las clases del docente, sus explicaciones son muy rápidas y en varias ocasiones no logro comprender muy bien el tema cuando ya está explicando el siguiente ",2024,5
Electrónica I,2024-05-10 10:27:19,No me preparé lo suficiente para el examen,No soy bueno gestionando mi tiempo como estudiante.,2024,5
Electrónica I,2024-05-10 10:27:28,Las explicaciones del docente no son claras,"Los criterios de evaluación de la docente no son fijos y cambian constantemente y no son comunicados previamente. La profesora no es abierta a preguntas y las responde de mala manera. Explica de forma acelerada los conceptos y da poco tiempo a preguntas, procede a salirse del salón a la hora de hacer ejercicios, no permitiendo hacer preguntas. Los quizzes afectan de forma significativa la nota de los previos, generalmente de forma negativa ya que el tiempo para realizarlos no es consecuente a la dificultad de los ejercicios.",2024,5
Electrónica I,2024-05-10 10:27:42,Tengo dificultades por temas laborales,"Considero tener capacidades para poder realizar de forma más completa la materia; sin embargo, cuento con poco tiempo disponible, en vista de las responsabilidades que tengo, me es difícil poder atender con todo, así mismo, considero que la persona que está explicando, omite cierta información, la cual es difícil de adivinar, o saber, también considero que han habido varios errores durante la explicación, lo cual hace que sea un poco más difícil de entender que está bien o que está mal, se hace más difícil de esa forma",2024,5
Electrónica I,2024-05-10 10:28:19,No me preparé lo suficiente para el examen,"Yo pienso pues primero que en parte es culpa de los mismos estudiantes ya que la mayoría pues no estudia lo suficiente para una materia la cual es importante en toda la carrera y segundo pues el previo si estuvo un poco complicado ya que hubo algunos puntos los cuales si era lo que vimos en clase, pero habían ciertas cosas que no se entendieron bien y pues que una que otras cosas que no se explico en clase que eran cosas que pasan desapercibidos por no prestar tanta atención.",2024,5
Electrónica I,2024-05-10 10:28:36,Las explicaciones del docente no son claras,El docente es muy grosera con los estudiantes y no explica muy bien aparte que es muy exigente con las calificaciones y no es acorde a como explica ,2024,5
Electrónica I,2024-05-10 10:29:43,Los temas evaluados y la dificultad del examen no son acordes con lo explicado en clase,Cuando realizó la socialización del previo me di cuenta que muchas cosas no sabía el cómo pudo realizar en los ejercicios y el tiempo tampoco me dió para poder realizarlo,2024,5
Electrónica I,2024-05-10 10:29:47,No comprendo los temas explicados,"No comprendí 100% la temática. Quizá debí haber visto más ejemplos, más casos",2024,5
Electrónica I,2024-05-10 10:29:49,Los temas evaluados y la dificultad del examen no son acordes con lo explicado en clase,"-Las explicaciones son de ejercicios muy sencillos para los que salen en el previo 
-el porcentaje de los quizes tienen mucho porcentaje con los previos 
-Quisiéramos más ejercicios para estudiar, porque en los libros no hay suficientes ejercicios ",2024,5
Electrónica I,2024-05-10 10:30:16,Los temas evaluados y la dificultad del examen no son acordes con lo explicado en clase,"El porcentaje de quices es muy alto y eso baja mucho en la nota final 
Los ejercicios explicados son muy sencillos y eso también afecta en el momento del previo 
No se pueden llevar las fórmulas y para obtenerlas del ejercicios toma mucho tiempo ",2024,5
Electrónica I,2024-05-10 10:30:29,No comprendo los temas explicados," Necesito prepárame mucho más, ya que siento que la profe explica el tema y por parte de cada uno se necesita profundizar más ",2024,5
Electrónica I,2024-05-10 10:30:35,Tengo dificultades por temas familiares,Problemas de salud de mi madre ,2024,5
Electrónica I,2024-05-10 10:30:39,Los temas evaluados y la dificultad del examen no son acordes con lo explicado en clase,Ninguna otra,2024,5
Electrónica I,2024-05-10 10:31:02,Las explicaciones del docente no son claras,"Las notas de todos los parciales se dividen entre quices y el parcial como tal, los quices tienden a tener muy poco tiempo y pedir demasiadas cosas, por lo tanto, un 30% de la nota subida a divisist ya estaría perdida. Por no decir que muchas veces ha pasado que algunos compañeros intentan preguntarles en clase algunas cosas que no se dejan clara, y la profesora no da una adecuada respuesta, llegando a veces ser un poco prepotente. Por otro lado, en parte de los quices, tiende a ser injusta con las personas que no puede venir por x o y motivo (si uno falta, se pone 0 en el parcial) y puede llegar a afectarnos en nota final, sin decir que no da oportunidad a volverlo a hacer. Y las temáticas la pasan demasiado rápido sin hacer debida retroalimentación.",2024,5
Electrónica I,2024-05-10 10:31:29,Los temas evaluados y la dificultad del examen no son acordes con lo explicado en clase,"Mal calendario académico en la fechas de exámenes, ya que realice varios exámenes el mismo día",2024,5
Física Electromagnética,2024-05-10 10:34:56,Las explicaciones del docente no son claras,No me preparé de manera adecuada para el examen ,2024,5
Electrónica I,2024-05-10 10:35:44,Los temas evaluados y la dificultad del examen no son acordes con lo explicado en clase,"se cuenta con mucho porcentaje para quizes en los previos
no sé permite sacar fórmulas 
en los libros se encuentran ejercicios pero hace faltan más 
la explicación de los ejercicios son simples y en el previo ya tiene mucha complejidad ",2024,5
Electrónica I,2024-05-10 10:37:32,Los temas evaluados y la dificultad del examen no son acordes con lo explicado en clase,"El porcentaje de los quices es muy alto, no deja sacar fórmulas, los ejercicios que hay en los libros son 3 o 4, los ejercicios que se hacen en clase son sencillos.",2024,5
Electrónica III,2024-06-18 07:20:27,El examen es muy largo para el tiempo asignado,Ninguna otra,2024,6
Electrónica III,2024-06-18 07:20:37,Los temas evaluados y la dificultad del examen no son acordes con lo explicado en clase,.,2024,6
Electrónica III,2024-06-18 07:21:02,La temática evaluada es muy amplia,Ninguna,2024,6
Electrónica III,2024-06-18 07:21:02,Los temas evaluados y la dificultad del examen no son acordes con lo explicado en clase,Muchas cascaras en el previo,2024,6
Electrónica III,2024-06-18 07:21:29,No me preparé lo suficiente para el examen,No estudié lo suficiente un tema.,2024,6
Electrónica III,2024-06-18 07:21:50,Los temas evaluados y la dificultad del examen no son acordes con lo explicado en clase,"Falta de ejercicios de práctica en clase, solo hicimos un punto que no se completó en clase y salió uno parecido en el parcial ",2024,6
Electrónica III,2024-06-18 07:21:59,No me preparé lo suficiente para el examen,No aplica,2024,6
Electrónica III,2024-06-18 07:22:16,Los temas evaluados y la dificultad del examen no son acordes con lo explicado en clase,Falto más comprensión lectora para interpretar adecuadamente el ejercicio ,2024,6
Electrónica III,2024-06-18 07:22:20,No me preparé lo suficiente para el examen,Durante las 2 semanas de previo estuve con un gripe,2024,6
Electrónica III,2024-06-18 07:23:51,No comprendo los temas explicados,"Falta de comprensión en los enunciados, quizá los nervios al leer el enunciado del previo me confundí y en vez de responder lo que se me pedía termine haciendo otra cosa",2024,6
Análisis de Circuitos en CD,2024-06-19 14:14:51,Tengo dificultades por temas laborales,Me bloque ,2024,6
Análisis de Circuitos en CD,2024-06-19 14:15:27,El examen es muy largo para el tiempo asignado,Tema muy largo para el tiempo ,2024,6
Análisis de Circuitos en CD,2024-06-19 14:16:35,No me preparé lo suficiente para el examen,Por temas laborales no me prepare bien,2024,6
Análisis de Circuitos en CD,2024-06-19 14:16:56,Tengo dificultades por temas laborales,"El horario laboral se interpone con las horas de estudio y repaso, entonces el tiempo no me es suficiente para poder mi estudio ",2024,6
Análisis de Circuitos en CD,2024-06-19 14:17:31,El examen es muy largo para el tiempo asignado,Falta de tiempo para realizar los ejercicios y estudiar para todas las asignaturas ,2024,6
Análisis de Circuitos en CD,2024-06-19 14:17:42,El examen es muy largo para el tiempo asignado,Explicar ejercicios más difíciles ,2024,6
Medios de Transmisión (Byron Medina),2024-06-20 10:13:22,No me preparé lo suficiente para el examen,"Siento que el ingeniero avanzó muy rápido en el tema y explicó pocos ejercicios, las clases pudieron ser un poco más amplias en cada tema visto y haber desarrollado más ejercicios para entender mejor la temática vista",2024,6
Medios de Transmisión (Byron Medina),2024-06-20 10:13:27,Los temas evaluados y la dificultad del examen no son acordes con lo explicado en clase,"pienso que se deberían profundizar mejor los temas tratados, y por eso el previo se vio un poco complejo respecto a lo explicado en clase",2024,6
Medios de Transmisión (Byron Medina),2024-06-20 10:13:57,No me preparé lo suficiente para el examen,"No me prepare lo suficiente para el parcial, además que por trabajo no me quedo micho tiempo ",2024,6
Teoría Electromagnética,2024-06-20 10:14:22,No me preparé lo suficiente para el examen,No,2024,6
Teoría Electromagnética,2024-06-20 10:14:26,Los temas evaluados y la dificultad del examen no son acordes con lo explicado en clase,La temática evaluada es muy extensa ,2024,6
Teoría Electromagnética,2024-06-20 10:14:30,No me preparé lo suficiente para el examen,No estudie lo suficiente ,2024,6
Teoría Electromagnética,2024-06-20 10:14:34,No me preparé lo suficiente para el examen,Fortalecer algunas temáticas para el examen ,2024,6
Teoría Electromagnética,2024-06-20 10:14:55,La temática evaluada es muy amplia,No supe aplicar bien los conceptos.,2024,6
Teoría Electromagnética,2024-06-20 10:15:02,No comprendo los temas explicados,No me prepare lo suficiente para el examen ,2024,6
Teoría Electromagnética,2024-06-20 10:15:14,No me preparé lo suficiente para el examen,Ninguna ,2024,6
Teoría Electromagnética,2024-06-20 10:15:18,La temática evaluada es muy amplia,No,2024,6
Teoría Electromagnética,2024-06-20 10:15:19,La temática evaluada es muy amplia,Muy largos los temas que iban para este previo,2024,6
Teoría Electromagnética,2024-06-20 10:15:25,No me preparé lo suficiente para el examen,No haber ido lo suficiente a asesorías ,2024,6
Teoría Electromagnética,2024-06-20 10:15:58,La temática evaluada es muy amplia,.,2024,6
Teoría Electromagnética,2024-06-20 10:17:01,La temática evaluada es muy amplia,Sobrecargar por mucho tema en todas las materias para el tiempo que tengo ya que trabajo,2024,6
Teoría Electromagnética,2024-06-20 10:18:22,No me preparé lo suficiente para el examen,Me falto dedicarle más tiempo al estudio de la materia,2024,6
Medios de Transmisión (Marco García),2024-06-20 16:19:51,El examen es muy largo para el tiempo asignado,Queda pegado al previo de electrónica; en el examen final también...,2024,6
Medios de Transmisión (Marco García),2024-06-20 16:20:19,No comprendo los temas explicados,No me preparé lo suficiente. Falta de dominio en los temas,2024,6
Medios de Transmisión (Marco García),2024-06-20 16:20:19,No me preparé lo suficiente para el examen,Es medios de transmisión 👍 hard,2024,6
Medios de Transmisión (Marco García),2024-06-20 16:20:51,No me preparé lo suficiente para el examen,"No comprendi, del todo bien todos los temas explicados ",2024,6
Medios de Transmisión (Marco García),2024-06-20 16:21:07,Tengo dificultades por temas laborales,"Considero que en general me preparé bastante, intenté estudiar la temática propuesta, sin embargo, errores pequeños son castigados fuertemente, esto causa que haya desánimo, por más que intente esforzarme, no fue suficiente, así mismo procuré tener en cuenta mi tiempo laboral, para darme suficiente preparación, e igual el resultado fue similar al previo pasado.",2024,6
Medios de Transmisión (Marco García),2024-06-20 16:22:22,No me preparé lo suficiente para el examen,Por falta de estudio ,2024,6
Diseño Digital,2024-06-21 08:30:00,No me preparé lo suficiente para el examen,No le dedique mucho tiempo a estudiar en esta ocasión ,2024,6
Diseño Digital,2024-06-21 08:32:14,Tengo dificultades por temas laborales,"Cuestiones familiares, problemas personales conmigo mismo, falta de confianza y dudar de mis capacidades ",2024,6
Diseño Digital,2024-06-21 08:32:37,Tengo dificultades por temas familiares,Trabajo,2024,6
Diseño Digital,2024-06-21 08:32:47,No me preparé lo suficiente para el examen,Nada,2024,6
Diseño Digital,2024-06-21 08:34:03,El examen es muy largo para el tiempo asignado,He tenido problemas para memorizar todos los diferentes temas ,2024,6
Electrónica I,2024-06-21 11:17:13,No me preparé lo suficiente para el examen,Problemas a la hora de realizar los exámenes ,2024,6
Electrónica I,2024-06-21 11:18:24,No me preparé lo suficiente para el examen,No me gusta estudiar,2024,6
Electrónica I,2024-06-21 11:18:37,El examen es muy largo para el tiempo asignado,"Mal organización de calendario por parte de la universidad, ya que teníamos acumulación de exámenes para una misma fecha ",2024,6
Electrónica I,2024-06-21 11:19:54,El examen es muy largo para el tiempo asignado,"Los previos no son bien evaluados, los quices tienen una ponderación del 30% para el segundo previo y es un porcentaje muy alto",2024,6
Electrónica I,2024-06-21 11:19:55,Tengo dificultades por temas laborales,Ninguno,2024,6
Electrónica I,2024-06-21 11:20:05,El examen es muy largo para el tiempo asignado,"El punto con más valor me quedo mal por colocar mal el valor de beta , soy brutico ",2024,6
Electrónica I,2024-06-21 11:20:21,La temática evaluada es muy amplia,Los temas evaluados y la dificultad del examen no son acordes con lo explicado en clase ,2024,6
Electrónica I,2024-06-21 11:20:29,El examen es muy largo para el tiempo asignado,hay temas que son complicados y requiere de más explicacion,2024,6
Electrónica I,2024-06-21 11:20:40,No me preparé lo suficiente para el examen,No comprendia muy bien los temas y los ejercicios del previo,2024,6
Electrónica I,2024-06-21 11:20:52,El examen es muy largo para el tiempo asignado,"El parcial tenía el tiempo justo para hacer los puntos sin equivocaciones, una sola equivocación evitaba poder hacerlo en el tiempo indicado. Los quizzes hechos por la docente contribuyen negativamente a la nota al ser espontáneos e influir en la nota final",2024,6
Electrónica I,2024-06-21 11:20:56,Las explicaciones del docente no son claras,Hay temas que son muy extensos y requieren de más tiempo de explicación y más tiempo en el momento de evaluar ,2024,6
Teoría Electromagnética,2024-10-18 07:20:12,No me preparé lo suficiente para el examen,Ninguna,2024,10
Teoría Electromagnética,2024-10-18 07:20:18,No comprendo los temas explicados,También por temas laborales ,2024,10
Teoría Electromagnética,2024-10-18 07:20:28,No me preparé lo suficiente para el examen,Falta de tiempo por temas laborales y falta de organización.,2024,10
Teoría Electromagnética,2024-10-18 07:20:42,No me preparé lo suficiente para el examen,Los temas son algo complejos ,2024,10
Teoría Electromagnética,2024-10-18 07:20:51,No me preparé lo suficiente para el examen,Me enfoque en estudiar más la materia de variable compleja y descuide la de teoría eléctromagnetica ,2024,10
Teoría Electromagnética,2024-10-18 07:22:12,El examen es muy largo para el tiempo asignado,Trabajo de medio tiempo,2024,10
Teoría Electromagnética,2024-10-18 07:22:43,Tengo dificultades por temas laborales,"Yo considero que tuve mal desempeño por parte mía y ya que no me da tiempo de estudiar mucho y este semestre se me dificulta demasiado poder entender temas nuevos.

Y se me dificulta entender los temas y por parte laboral no se me da el tiempo para estudiar",2024,10
Medios de Transmisión,2024-10-21 09:15:47,No me preparé lo suficiente para el examen,No comprendo algunos de los temas explicados,2024,10
Medios de Transmisión,2024-10-21 09:16:39,No me preparé lo suficiente para el examen,Deberes externos de la U,2024,10
Medios de Transmisión,2024-10-21 09:16:58,No me preparé lo suficiente para el examen,No ,2024,10
Medios de Transmisión,2024-10-21 09:17:28,No me preparé lo suficiente para el examen,Por temas de tiempo,2024,10
Medios de Transmisión,2024-10-21 09:17:31,No comprendo los temas explicados,"Ningúna otra razón, por el momento",2024,10
Medios de Transmisión,2024-10-21 09:17:40,No me preparé lo suficiente para el examen,Comprensión de los temas vistos ,2024,10
Medios de Transmisión,2024-10-21 09:18:05,No me preparé lo suficiente para el examen,"No estudié lo debido, por enfocarme en electrónica 2 y diseño. El tema que estudié, fue el punto que me fue bien",2024,10
Medios de Transmisión,2024-10-21 09:18:34,Los temas evaluados y la dificultad del examen no son acordes con lo explicado en clase,"No me prepare lo suficiente, la mal organización del calendario de exámenes ya que contábamos con diversos exámenes programados el mismo día ",2024,10
Medios de Transmisión,2024-10-21 09:18:36,Los temas evaluados y la dificultad del examen no son acordes con lo explicado en clase,Aunque me haya preparado para el examen no comprendí muy bien los puntos evaluados y/o la problemática del previo,2024,10
Medios de Transmisión,2024-10-21 09:18:51,No me preparé lo suficiente para el examen,"Por motivos de tiempo y acumulación de previos, no fue mucho el tiempo que le pude dedicar a la materia ",2024,10
Medios de Transmisión,2024-10-21 09:19:17,No me preparé lo suficiente para el examen,"Cometí errores al momento de interpretar el ejercicio que me costó pasar el examen, ya que o quedaba bien o quedaba mal",2024,10
Ondas y Partículas,2024-10-22 08:21:34,No me preparé lo suficiente para el examen,Me faltó tener claro los conceptos ,2024,10
Ondas y Partículas,2024-10-22 08:22:34,Tengo dificultades por temas laborales,Ninguna ,2024,10
Ondas y Partículas,2024-10-22 08:22:42,No me preparé lo suficiente para el examen,Problemas por temas laborales y familiares,2024,10
Ondas y Partículas,2024-10-22 08:22:54,Las explicaciones del docente no son claras,Tematica Amplia,2024,10
Ondas y Partículas,2024-10-22 08:22:57,No comprendo los temas explicados,"Muchas horas de clase entre semana, pero pude haberme preparado mejor",2024,10
Ondas y Partículas,2024-10-22 08:22:58,No me preparé lo suficiente para el examen,El tema fue algo extenso ,2024,10
Ondas y Partículas,2024-10-22 08:23:00,No comprendo los temas explicados,"Sobre todo eso, no comprendo casi los temas que estamos viendo y pues también mi trabajo no me deja mucho espacio para reforzar en casa y el tema de ondas es muy extenso",2024,10
Ondas y Partículas,2024-10-22 08:23:03,No me preparé lo suficiente para el examen,Dificultades por temas familiares ,2024,10
Ondas y Partículas,2024-10-22 08:23:03,No comprendo los temas explicados,"Dificultad con los temas, es poco entendible.",2024,10
Ondas y Partículas,2024-10-22 08:23:06,El examen es muy largo para el tiempo asignado, no entendí la temática por completo ,2024,10
Ondas y Partículas,2024-10-22 08:23:15,No me preparé lo suficiente para el examen,No,2024,10
Ondas y Partículas,2024-10-22 08:23:32,Las explicaciones del docente no son claras,No entiendo bien los temas explicados y el examen es demasiado extenso ,2024,10
Ondas y Partículas,2024-10-22 08:23:47,No me preparé lo suficiente para el examen,Por no mantener mis apuntes al dia lo cual me impidió una calidad de auto estudio adecuado para la epoca del parcial lo cual se demostró en mi calificación ,2024,10
Ondas y Partículas,2024-10-22 08:24:09,No me preparé lo suficiente para el examen,Considero que adicional a la preparación los temas de la materia si tienden a ser muy amplios y personalmente por estar fallos en algunos conceptos término por no conseguir los resultados ideales o esperados,2024,10
Ondas y Partículas,2024-10-22 08:24:10,La temática evaluada es muy amplia,El parcial fue demasiado amplio para hacer en el tipo estimado y la dificultad comparada a otros semestres aumento ,2024,10
Ondas y Partículas,2024-10-22 08:24:46,Los temas evaluados y la dificultad del examen no son acordes con lo explicado en clase,"Las clases de la profesora son muy extensas y da demasiados temas en muy poco tiempo haciendo q no sean claros  , y la dificultad del examen es demasiado alta a comparación de la clase  , y eso lo hace casi imposible pasarlo ",2024,10
Ondas y Partículas,2024-10-22 08:25:17,La temática evaluada es muy amplia,La complejidad ya que a la hora de abordar algunos temas pueden ser extensos o muy largos. ,2024,10
Ondas y Partículas,2024-10-22 08:27:04,No comprendo los temas explicados,Me estanqué en una de las preguntas y me quedé sin tiempo para hacer el resto ,2024,10
Ondas y Partículas,2024-10-22 08:28:43,Los temas evaluados y la dificultad del examen no son acordes con lo explicado en clase,La temática es demasiado extensa y la metodología usada para el aprendizaje no es clara.,2024,10
Electrónica III,2024-10-23 09:10:38,No me preparé lo suficiente para el examen,"Errores de concepto, que no pude aclarar para el previo.",2024,10
Electrónica III,2024-10-23 09:10:56,No me preparé lo suficiente para el examen,Me prepare más con otros temas diferentes a lo que salió en el previo ,2024,10
Electrónica III,2024-10-23 09:11:24,No me preparé lo suficiente para el examen,No me preparé con ejercicios del libro sino con ejercicios de previos pasados que correspondían a otro docente con una metodología distinta ,2024,10
Electrónica III,2024-10-23 09:11:33,No me preparé lo suficiente para el examen,Falta de preparación ,2024,10
Electrónica III,2024-10-23 09:11:41,Las explicaciones del docente no son claras,Tuve respuestas correctas pero el docente al momento de calificar exigió un procedimiento diferente.,2024,10
Electrónica III,2024-10-23 09:12:28,No me preparé lo suficiente para el examen,"No me preparé en los temas que se evaluaron, debido a que gran parte de la temática durante fueron amplificadores operacionales, estos estudié y el parcial fue mayoritariamente amplificadores de potencia. Ahora bien, el profesor sí dijo muy claramente los temas que iba a evaluar, fue mala preparación mía.",2024,10
Electrónica III,2024-10-23 09:12:33,No me preparé lo suficiente para el examen,"No me prepare bien para el examen, por temas de trabajo y tiempo para otros parciales. ",2024,10
Electrónica III,2024-10-23 09:12:45,No me preparé lo suficiente para el examen,Algunos temas no los comprendí muy bien ,2024,10
Electrónica III,2024-10-23 09:13:05,No me preparé lo suficiente para el examen,"Seria de gran ayuda si el docente enviara las diapositivas presentadas en clases, muchas veces por el tiempo y por prestar atención no se alcanza a copiar lo explicado o lo de las diapositivas.",2024,10
Electrónica III,2024-10-23 09:13:06,Tengo dificultades por temas laborales,No comprendi de lo mejor los temas propuestos ,2024,10
Electrónica III,2024-10-23 09:13:59,Los temas evaluados y la dificultad del examen no son acordes con lo explicado en clase,Falta de ganas por seguir estudiando por comentarios despectivos en clases  ,2024,10
Electrónica III,2024-10-23 09:14:15,Los temas evaluados y la dificultad del examen no son acordes con lo explicado en clase,El tema evaluado no tuve muy buena preparación ya que estudie diferentes ejercicios pero no los principales que salieron en el parcial. Y no da respuestas claras a las dudas presentadas para el primer parcial.,2024,10
Electrónica II,2024-10-30 10:48:39,Los temas evaluados y la dificultad del examen no son acordes con lo explicado en clase,La temática evaluada es muy amplia,2024,10
Electrónica II,2024-10-30 10:49:19,Tengo dificultades por temas laborales,.,2024,10
Electrónica II,2024-10-30 10:49:24,La temática evaluada es muy amplia,Espero mejore ,2024,10
Electrónica II,2024-10-30 10:49:35,No me preparé lo suficiente para el examen,Cometí errores en la interpretación ,2024,10
Electrónica II,2024-10-30 10:49:36,Tengo dificultades por temas familiares,Problemas de salud mental,2024,10
Electrónica II,2024-10-30 10:49:51,Tengo dificultades por temas laborales,Dificultad en lo temas,2024,10
Electrónica II,2024-10-30 10:49:52,No me preparé lo suficiente para el examen,No aplique de manera correcta las técnicas de estudio ,2024,10
Electrónica II,2024-10-30 10:49:54,No me preparé lo suficiente para el examen,Algunos temas no se explicaron con profundidad dónde quedaron dudas al respecto ,2024,10
Electrónica II,2024-10-30 10:50:12,Tengo dificultades por temas familiares,No,2024,10
Electrónica II,2024-10-30 10:50:14,Tengo dificultades por temas laborales,"Por una parte la preparación si fue un poco complicada, mas sin embargo la poca comprensión respecto al afán por resolver los ejercicios se vinieron en contra",2024,10
Electrónica II,2024-10-30 10:50:33,No me preparé lo suficiente para el examen,La temática es muy amplia ,2024,10
Electrónica II,2024-10-30 10:50:38,No me preparé lo suficiente para el examen,No me prepare lo suficiente.,2024,10
Electrónica II,2024-10-30 10:51:01,No me preparé lo suficiente para el examen,No,2024,10
Electrónica II,2024-10-30 10:51:03,No me preparé lo suficiente para el examen,No me preparé lo suficientemente ,2024,10
Electrónica II,2024-10-30 10:52:49,No me preparé lo suficiente para el examen,Los nervios me bloquearon en el previo ,2024,10
Electrónica II,2024-10-30 11:02:26,La temática evaluada es muy amplia,"Medios de transmisión y electrónica 2 siempre quedan en la misma semana de previos, no nos queda mucho tiempo para descansar y estudiar mejor entre uno y otro ",2024,10
Análisis de Circuitos en C.A.,2025-04-30 14:46:19,No me preparé lo suficiente para el examen,"No, ninguna",2025,4
Análisis de Circuitos en C.A.,2025-04-30 14:46:26,No me preparé lo suficiente para el examen,Nop,2025,4
Análisis de Circuitos en C.A.,2025-04-30 14:46:56,No me preparé lo suficiente para el examen,Le dediqué muy poco tiempo a estudiar ,2025,4
Análisis de Circuitos en C.A.,2025-04-30 14:46:59,Tengo dificultades por temas laborales,No comprendí bien el tema ,2025,4
Análisis de Circuitos en C.A.,2025-04-30 14:47:14,No me preparé lo suficiente para el examen,Olvidar componentes de lo esquemas y al no usarlos que el proceso quede mal,2025,4
Análisis de Circuitos en C.A.,2025-04-30 14:47:29,No me preparé lo suficiente para el examen,Problemas psicológicos,2025,4
Análisis de Circuitos en C.A.,2025-04-30 14:47:37,Tengo dificultades por temas familiares,Mi forma de estudio no es la adecuada para para aprender los temas,2025,4
Análisis de Circuitos en C.A.,2025-04-30 14:48:01,No me preparé lo suficiente para el examen,Cuestión de nervios y también porque la forma de calificación del profe es un poco más compleja ,2025,4
Análisis de Circuitos en C.A.,2025-04-30 14:48:55,No me preparé lo suficiente para el examen,"Diría que mi mayor falla de preparación va orientada a que por lo menos en uno de los ejercicios del previo pasado me fue mal por olvidar tomar en cuenta cosas básicas por encarnisarme con los temas vistos, entonces no puedo decir que es culpa del profesor, simplemente tuve falencias muy tontas que debo mejorar ",2025,4
Cálculo Integral,2025-05-11 12:19:09,No me preparé lo suficiente para el examen,"no tener buenas bases matematicas cosas tan simples como sumar fraccionarios nos joden u otras como algebra basica , entiendo que no es cuestion del profesor enseñarnos algo que ya deberiamos saber , pero de igual de manera nos seguira jodiendo entre mas adelantados vayamos",2025,5
Ecuaciones Diferenciales,2025-05-28 14:58:45,No me preparé lo suficiente para el examen,"No me preparé lo suficientemente para el examen, y no tuve conocimientos básicos de álgebra ",2025,5
Ecuaciones Diferenciales,2025-05-28 14:59:11,Los temas evaluados y la dificultad del examen no son acordes con lo explicado en clase,El examen es un poco largo para el tiempo asignado ,2025,5
Ecuaciones Diferenciales,2025-05-28 14:59:46,La temática evaluada es muy amplia,No,2025,5
Ecuaciones Diferenciales,2025-05-28 15:00:01,No me preparé lo suficiente para el examen,No estudie lo suficiente para sacar una buena nota ,2025,5
Ecuaciones Diferenciales,2025-05-28 15:00:01,El examen es muy largo para el tiempo asignado,No me alcanzó el tiempo para la resolución completa del examen ,2025,5
Ecuaciones Diferenciales,2025-05-28 15:00:10,El examen es muy largo para el tiempo asignado,"No me preparé lo suficiente, no me dió el tiempo de terminar ",2025,5
Ecuaciones Diferenciales,2025-05-28 15:00:17,No me preparé lo suficiente para el examen,No me pude preparar lo suficiente por temas de salud días antes del parcial ,2025,5
Ecuaciones Diferenciales,2025-05-28 15:00:42,La temática evaluada es muy amplia,"No estudie lo suficientemente, la nota que se me coloco está bastante acorde a mi preparación para el examen ya que preferí dedicar más tiempo para física electromagnética porque se me complica demasiado la física ",2025,5
Ecuaciones Diferenciales,2025-05-28 15:01:06,El examen es muy largo para el tiempo asignado,"La complejidad del examen también tiene un poco que ver, comparado con el primer examen el segundo es mucho más exigente ",2025,5
Ecuaciones Diferenciales,2025-05-28 15:01:19,No me preparé lo suficiente para el examen,"Se me es difícil estudiar para tres exámenes importantes, y no me puedo concentrar en todos a la vez por tanto siempre hay una en la que va peor que las demás ",2025,5
Geometria Descriptiva,2025-05-28 15:01:45,Los temas evaluados y la dificultad del examen no son acordes con lo explicado en clase,Mejor explicación del tema por parte del profesor,2025,5
Ecuaciones Diferenciales,2025-05-28 15:03:34,El examen es muy largo para el tiempo asignado,Es un problema que viene por culpa de la pandemia el nivel académico bajo y el profesor está acostumbrado a que nosotros vengamos con unos saberes previos los cuales hoy en día ya no tenemos y cuando llegamos a esta materia la mayoría nos estrellamos ,2025,5
Geometria Descriptiva,2025-05-29 08:30:25,El examen es muy largo para el tiempo asignado,"el tema es largo y siempre se va mucho tiempo, aveces solo alcanza el tiempo para una explicación rápida, en el parcial se va tiempo tambien",2025,5
Geometria Descriptiva,2025-05-29 08:30:58,No comprendo los temas explicados,"Baja motivación en lo que hago y solo me siento desanimada al no conseguir lo ""básico"" que es pasar la materia ",2025,5
Ecuaciones Diferenciales,2025-05-29 12:33:55,No me preparé lo suficiente para el examen,"Cuando hay varias materias importantes para la misma semana, hay prioridades",2025,5
Medios de Transmisión (Marco García),2025-05-29 16:20:06,No me preparé lo suficiente para el examen,Ninguna ,2025,5
Medios de Transmisión (Marco García),2025-05-29 16:20:07,No me preparé lo suficiente para el examen,N.A,2025,5
Medios de Transmisión (Marco García),2025-05-29 16:20:21,No me preparé lo suficiente para el examen,Ninguna razón. El docente es excelente al dar los temas de la materia y se preocupa por que entienda.,2025,5
Medios de Transmisión (Marco García),2025-05-29 16:20:48,No me preparé lo suficiente para el examen,Ninguna,2025,5
Medios de Transmisión (Marco García),2025-05-29 16:21:19,No me preparé lo suficiente para el examen,"Los temas son extensos y complejos,  tal vez es necesario mayor apropiación de los temas antes de pasar al siguiente",2025,5
Medios de Transmisión (Marco García),2025-05-29 16:21:20,La temática evaluada es muy amplia,Cometí varios errores menores que me costaron el sacar una buena nota en el segundo previo ya que me hacían quedar mal todo el punto.,2025,5
Medios de Transmisión (Marco García),2025-05-29 16:21:45,La temática evaluada es muy amplia,Temas complejos ,2025,5
Medios de Transmisión (Marco García),2025-05-29 16:24:28,La temática evaluada es muy amplia,Soy bruto,2025,5
Ecuaciones Diferenciales,2025-10-15 14:47:16,Las explicaciones del docente no son claras,Situaciones personales,2025,10
Ecuaciones Diferenciales,2025-10-15 14:48:02,No me preparé lo suficiente para el examen,Pues solo fue por qué no me preparé lo suficiente ,2025,10
Ecuaciones Diferenciales,2025-10-15 14:48:13,No me preparé lo suficiente para el examen,"Por algunos temas familiares no pude prepararme como es debido para el previo, también llevo falencias de algunos temas pasados.",2025,10
Ecuaciones Diferenciales,2025-10-15 14:48:46,No me preparé lo suficiente para el examen,Mas que todo por mi poco tiempo que tengo para poder estudiar adecuadamente los temas ,2025,10
Ecuaciones Diferenciales,2025-10-15 14:49:07,No me preparé lo suficiente para el examen,Tuve un bajo desempeño debido a que no estudie lo suficiente para el parcial ,2025,10
Ecuaciones Diferenciales,2025-10-15 14:49:16,No me preparé lo suficiente para el examen,Mala organización para el estudio de los Exámenes ,2025,10
Ecuaciones Diferenciales,2025-10-15 14:49:39,No me preparé lo suficiente para el examen,Además de no preparar con tiempo también se me dificulta entender los temas del primer parcial ,2025,10
Ecuaciones Diferenciales,2025-10-15 14:49:42,No me preparé lo suficiente para el examen,La temática es amplia ,2025,10
Ecuaciones Diferenciales,2025-10-15 14:51:24,El examen es muy largo para el tiempo asignado,"No supe que responder en el previo pues la verdad, explican algo fácil en el previo algo difícil entonces por eso me fue mal y no supe responder ",2025,10
Ecuaciones Diferenciales,2025-10-15 14:51:30,No me preparé lo suficiente para el examen,Sentía que me había preparado lo suficiente pero al resolver el previo me perdí y me desconcentre totalmente ,2025,10
Ecuaciones Diferenciales,2025-10-15 14:52:18,No comprendo los temas explicados,"Problemas personales , y falta de preparación ",2025,10
Ecuaciones Diferenciales,2025-10-15 14:53:09,No me preparé lo suficiente para el examen,No es solo la dificultad de los temas al momento de explicarlo. Aunque los ejercicios le queden mal así sea la mitad el profe no valora el esfuerzo y califica con 0 debería de cambiar esa forma de evaluar...,2025,10
